<?xml version="1.0"?>
<server-console-config>

	<data-collectors>
		<data-collector>
			<name>SERVER-STATS</name>
			<class-name>com.wm.server.console.datacollector.ServerHealthDC</class-name>
			<params>
			</params>
		</data-collector>	
		<data-collector>
			<name>SYSTEM-PROPERTIES</name>
			<class-name>com.wm.server.console.datacollector.SystemValidatorDC</class-name>
			<params>
				<param>ulimit=16384</param>
			</params>
		</data-collector>	
		<data-collector>
			<name>ACTIVE-MQ-CONNECTION</name>
			<class-name>com.wm.server.console.datacollector.ActiveMQConnectionValidator</class-name>
			<params>
				<param>/home/ryhzhang/dev/dal12.5/conf/dal.conf</param>
			</params>
		</data-collector>				
		<data-collector>
			<name>DB-CONNECTION</name>
			<class-name>com.wm.server.console.datacollector.DBConnectionValidatorDC</class-name>
			<params>
				<param>CONFIG_FILE=/home/ryhzhang/dev/dal12.5/conf/dal.conf</param>
                                <param>IGNORE_LIST=jdbcpool_wireless,jdbcpool_search_1,jdbcpool_search_2</param>
		</params>
		</data-collector>			
	 	<data-collector>
			<name>MQ-QUEUE-CONNECTION</name>
			<class-name>com.wm.server.console.datacollector.MQQueueConnectionInfo</class-name>
			<params>
				<param>/home/ryhzhang/dev/dal12.5/conf/dal.conf</param>
			</params>
		</data-collector>
	 	<data-collector>
			<name>DEPLOYMENT-INFO</name>
			<class-name>com.wm.server.console.datacollector.DeploymentInfoDC</class-name>
			<params>
				<param>filename=/home/ryhzhang/dev/dal12.5/conf/dal.conf;propertyname=com.wm.hostname.real,com.wm.ApplicationDomainCode,com.wm.ApplicationEnvironment,dal.port,dal.loglevel,com.wm.sql.dataaccess.aliases,dal.serverCount;displayname=ServerName,ApplicationDomain,Environment,Port,LogLevel,DataAccessAlias,LB-ServerCount</param>
			</params>
		</data-collector>
	 	<data-collector>
			<name>JMX-INFO</name>
			<class-name>com.wm.server.console.datacollector.JMXInfoDC</class-name>
			<params>
				<param>objectname=DALConfigAdmin:name=DALConfig;key=MaxThreads</param>
			</params>
		</data-collector>

					
	</data-collectors>
	<data-collector-sets>
		<data-collector-set name = "IN-SERVER-VALIDATION">
			<data-collector-group name = "SYSTEM-PROPERTIES">
				<data-collector-name>SYSTEM-PROPERTIES</data-collector-name>
			</data-collector-group>
			<data-collector-group name = "CONNECTIONS">
		 		<data-collector-name>ACTIVE-MQ-CONNECTION</data-collector-name>
				<data-collector-name>DB-CONNECTION</data-collector-name>
				<data-collector-name>MQ-QUEUE-CONNECTION</data-collector-name>  
			</data-collector-group>
			<data-collector-group name = "GENERAL-INFO">
				<data-collector-name>DEPLOYMENT-INFO</data-collector-name>
				<data-collector-name>SERVER-STATS</data-collector-name>
				<data-collector-name>JMX-INFO</data-collector-name>
			</data-collector-group>

		 </data-collector-set>

		<data-collector-set name = "OOP-Validation">
			<data-collector-group name = "System Internals">
				<data-collector-name>SYSTEM-PROPERTIES</data-collector-name>
			</data-collector-group>
			<data-collector-group name ="App Connections">
		 		<data-collector-name>ACTIVE-MQ-CONNECTION</data-collector-name>
				<data-collector-name>DB-CONNECTION</data-collector-name>
			</data-collector-group>
		</data-collector-set>
	</data-collector-sets>
</server-console-config>
