<?xml version="1.0" encoding="UTF-8"?>
<beans xmlns="http://www.springframework.org/schema/beans"
       xmlns:xsi="http://www.w3.org/2001/XMLSchema-instance"
       xmlns:util="http://www.springframework.org/schema/util"
       xsi:schemaLocation="http://www.springframework.org/schema/beans
                           http://www.springframework.org/schema/beans/spring-beans.xsd
                           http://www.springframework.org/schema/util
                           http://www.springframework.org/schema/util/spring-util.xsd">

    <util:list id="connection-types" list-class="java.util.ArrayList" value-type="com.wm.dal.common.ConnectionType">
        <bean class="com.wm.dal.common.ConnectionType">
            <property name="name" value="oracle"/>
            <property name="userName" value="dal_user"/>
            <property name="password" value="dal_user"/>
            <property name="defaultPoolName" value="dalpool_oracle"/>
            <property name="enabled" value="true"/>
            <property name="routerList" ref="router-list"/>
        </bean>
        <bean class="com.wm.dal.common.ConnectionType">
            <property name="name" value="mysql"/>
            <property name="userName" value="dal_user"/>
            <property name="password" value="dal_user"/>
            <property name="defaultPoolName" value="dalpool_mysql"/>
            <property name="enabled" value="true"/>
        </bean>
<!--
        <bean class="com.wm.dal.common.ConnectionType">
            <property name="name" value="oms"/>
            <property name="userName" value="dal_user"/>
            <property name="password" value="dal_user"/>
            <property name="defaultPoolName" value="dalpool_oms"/>
            <property name="enabled" value="true"/>
            <property name="routerList" ref="oms-router-list"/>
        </bean>
        <bean class="com.wm.dal.common.ConnectionType">
            <property name="name" value="oms_avo"/>
            <property name="userName" value="dal_user"/>
            <property name="password" value="dal_user"/>
            <property name="defaultPoolName" value="dalpool_oms_avo"/>
            <property name="enabled" value="true"/>
        </bean>
        <bean class="com.wm.dal.common.ConnectionType">
            <property name="name" value="catalog"/>
            <property name="userName" value="dal_user"/>
            <property name="password" value="dal_user"/>
            <property name="defaultPoolName" value="dalpool_catalog"/>
            <property name="enabled" value="true"/>
            <property name="routerList" ref="router-list"/>
        </bean>
        <bean class="com.wm.dal.common.ConnectionType">
            <property name="name" value="catalog_avo"/>
            <property name="userName" value="dal_user"/>
            <property name="password" value="dal_user"/>
            <property name="defaultPoolName" value="dalpool_catalog_avo"/>
            <property name="enabled" value="true"/>
            <property name="routerList" ref="router-list"/>
        </bean>
        <bean class="com.wm.dal.common.ConnectionType">
            <property name="name" value="inventory"/>
            <property name="userName" value="dal_user"/>
            <property name="password" value="dal_user"/>
            <property name="defaultPoolName" value="dalpool_inventory"/>
            <property name="enabled" value="true"/>
        </bean>
        <bean class="com.wm.dal.common.ConnectionType">
            <property name="name" value="security"/>
            <property name="userName" value="dal_user"/>
            <property name="password" value="dal_user"/>
            <property name="defaultPoolName" value="dalpool_security"/>
            <property name="enabled" value="true"/>
        </bean>
        <bean class="com.wm.dal.common.ConnectionType">
            <property name="name" value="session"/>
            <property name="userName" value="dal_user"/>
            <property name="password" value="dal_user"/>
            <property name="defaultPoolName" value="dalpool_session"/>
            <property name="enabled" value="true"/>
        </bean>
        <bean class="com.wm.dal.common.ConnectionType">
            <property name="name" value="ppc"/>
            <property name="userName" value="dal_user"/>
            <property name="password" value="dal_user"/>
            <property name="defaultPoolName" value="dalpool_ppc"/>
            <property name="enabled" value="true"/>
        </bean>
        <bean class="com.wm.dal.common.ConnectionType">
            <property name="name" value="crmprs"/>
            <property name="userName" value="dal_user"/>
            <property name="password" value="dal_user"/>
            <property name="defaultPoolName" value="dalpool_crmprs"/>
            <property name="enabled" value="true"/>
        </bean>
        <bean class="com.wm.dal.common.ConnectionType">
            <property name="name" value="stinventory"/>
            <property name="userName" value="dal_user"/>
            <property name="password" value="dal_user"/>
            <property name="defaultPoolName" value="dalpool_stinventory"/>
            <property name="enabled" value="true"/>
        </bean>        
        <bean class="com.wm.dal.common.ConnectionType">
            <property name="name" value="payment"/>
            <property name="userName" value="dal_user"/>
            <property name="password" value="dal_user"/>
            <property name="defaultPoolName" value="dalpool_payment"/>
            <property name="enabled" value="true"/>
        </bean> 
-->
    </util:list>

    <util:list id="router-list" list-class="java.util.ArrayList" value-type="com.wm.dal.router.IRouter">
        <bean class="com.wm.dal.router.plugins.default_.DefaultRouter">
            <property name="name" value="default-router"/>
            <property name="refreshInterval" value="100"/>
            <property name="enabled" value="true"/>
            <property name="routingRulesProviders">
                <list value-type="com.wm.dal.router.plugins.default_.IRoutingRulesProvider">
                    <bean class="com.wm.dal.router.plugins.default_.rulesproviders.FileBasedRulesProvider">
                        <property name="configFile" value="/test-routing-rules.xml"/>
                    </bean>
                </list>
            </property>
        </bean>
    </util:list>

<!--
        <bean id="SessionBasedRouter" class="com.wm.dal.router.plugins.default_.DefaultRouter" scope="prototype">
            <property name="name" value="SessionBasedRouter"/>
            <property name="enabled" value="true"/>
            <property name="refreshInterval" value="300000"/>
            <property name="routingRulesProviders">
                <util:list list-class="java.util.ArrayList" value-type="com.wm.dal.router.plugins.default_.IRoutingRulesProvider">
                    <bean class="com.wm.dal.router.plugins.default_.rulesproviders.FileBasedRulesProvider">
                        <property name="configFile" value="classpath:/SessionBasedRouter.xml"/>
                    </bean>
                    <bean class="com.wm.dal.router.plugins.default_.rulesproviders.DBBasedRulesProvider">
                        <property name="configPools" value="dalpool_oms,dalpool_oms_avo,dalpool_catalog,dalpool_catalog_avo"/>
                    </bean>
                </util:list>
            </property>
        </bean>

    <util:list id="router-list" list-class="java.util.ArrayList" value-type="com.wm.dal.router.IRouter">
        <bean id="HostBasedRouter" class="com.wm.dal.router.plugins.default_.DefaultRouter" scope="prototype">
            <property name="name" value="HostBasedRouter"/>
            <property name="enabled" value="true"/>
            <property name="refreshInterval" value="300000"/>
            <property name="routingRulesProviders">
                <util:list list-class="java.util.ArrayList" value-type="com.wm.dal.router.plugins.default_.IRoutingRulesProvider">
                    <bean class="com.wm.dal.router.plugins.default_.rulesproviders.FileBasedRulesProvider">
                        <property name="configFile" value="classpath:/dal-routing-rules.xml"/>
                    </bean>
                    <bean class="com.wm.dal.router.plugins.default_.rulesproviders.DBBasedRulesProvider">
                        <property name="configPools" value="dalpool_oms,dalpool_oms_avo,dalpool_catalog,dalpool_catalog_avo"/>
                    </bean>
                </util:list>
            </property>
        </bean>
        <ref bean="SessionBasedRouter" />
    </util:list>

    <util:list id="oms-router-list" list-class="java.util.ArrayList" value-type="com.wm.dal.router.IRouter">
	<ref bean="SessionBasedRouter" />
    </util:list>
-->
</beans>
