<?xml version="1.0" encoding="UTF-8"?>
<!DOCTYPE properties SYSTEM "http://java.sun.com/dtd/properties.dtd">
<!--    <properties name="documentation"> -->
<properties>
        <!--
        This is the JBossTS configuration file. Note that starting with JBossTS 4.6
        the names jbossjta-properties.xml and jbossjts-properties.xml are obsolete.
        
        Both the JTA and JTS versions of JBossTS now read their configuration from
        jbossts-properties.xml, although the contents of the file differs between
        the JTA and JTS. Care should be taken to use the correct version of the file.
        
        ***************************
        
        Property values may be literals or be tokens of the form ${p1[,p2][:v]}
        in which case the token values are substituted for the values of the corresponding system
        properties as follows:
 
        - Any occurance of ${p} with the System.getProperty(p) value.
        If there is no such property p defined, then the ${p} reference will remain unchanged.

        - If the property reference is of the form ${p:v} and there is no such property p,
        then the default value v will be returned.

        - If the property reference is of the form ${p1,p2} or ${p1,p2:v} then
        the primary and the secondary properties will be tried in turn, before
        returning either the unchanged input, or the default value.
        
        The property ${/} is replaced with System.getProperty("file.separator")
        value and the property ${:} is replaced with System.getProperty("path.separator").
        
        Note this substitution applies to property values only at the point they are read from
        the config file. Tokens in system properties won't be substituted.
        -->
<!--    </properties>  -->
<!--    <properties depends="common" name="arjuna"> -->
        <!--
        Transaction Reaper Timeout (default is 120000 ms).
      -->
        <entry
            key="com.arjuna.ats.arjuna.coordinator.txReaperTimeout">120000</entry>
        <!--
        Transaction Reaper Mode, can be: PERIODIC or DYNAMIC. Default is DYNAMIC.
      -->
        <entry key="com.arjuna.ats.arjuna.coordinator.txReaperMode">DYNAMIC</entry>
        <!--
        Transaction Reaper Cancel Wait Period (default is 500 ms, min is 10 msecs).
      -->
        <entry
            key="com.arjuna.ats.arjuna.coordinator.txReaperCancelWaitPeriod">500</entry>
        <!--
        Transaction Reaper Cancel Fail Wait Period (default is 500 ms, min is 10 msecs).
      -->
        <entry
            key="com.arjuna.ats.arjuna.coordinator.txReaperCancelFailWaitPeriod">500</entry>
        <!--
        Transaction Reaper Zombie Max (default is 8).
      -->
        <entry
            key="com.arjuna.ats.arjuna.coordinator.txReaperZombieMax">8</entry>
        <!--
        (default is NO)
      -->
        <entry key="com.arjuna.ats.arjuna.coordinator.asyncCommit">NO</entry>
        <!--
        (default is NO)
      -->
        <entry key="com.arjuna.ats.arjuna.coordinator.asyncPrepare">NO</entry>
        <!--
        (default is YES)
      -->
        <entry
            key="com.arjuna.ats.arjuna.coordinator.commitOnePhase">YES</entry>
        <!--
        (default is defaultStore)
      -->
        <entry key="com.arjuna.ats.arjuna.objectstore.localOSRoot">defaultStore</entry>
        <!--
        default is under user.home - must be writeable!)
      -->
        <entry
            key="com.arjuna.ats.arjuna.objectstore.objectStoreDir">${user.home}/ObjectStore</entry>
        <!--
        (default is ON)
      -->
        <entry
            key="com.arjuna.ats.arjuna.objectstore.objectStoreSync">ON</entry>
        <!--
        (default is ShadowNoFileLockStore)
      -->
        <entry
            key="com.arjuna.ats.arjuna.objectstore.objectStoreType">com.arjuna.ats.internal.arjuna.objectstore.ShadowNoFileLockStore</entry>
        <!--
        (default is 255)
      -->
        <entry
            key="com.arjuna.ats.arjuna.objectstore.hashedDirectories">255</entry>
        <!--
        (default is ON)
      -->
        <entry
            key="com.arjuna.ats.arjuna.objectstore.transactionSync">ON</entry>
        <!--
        (Must be unique across all Arjuna instances.)
      -->
        <entry key="com.arjuna.ats.arjuna.xa.nodeIdentifier">1</entry>
        <!--
        Base port number for determining a unique number to associate with an instance of the transaction service
        (which is needed in order to support multiple instances on the same machine).
        Use the value 0 to allow the system to select the first available port number.
        If the port number is non-zero and the port is in use then the value will be incremented until either a successful binding
        to the loopback address is created or until the the maximum number of ports (specified by the
        com.arjuna.ats.internal.arjuna.utils.SocketProcessIdMaxPorts property) have been tried or until the port number
        reaches the maximum possible port number.
      -->
        <entry
            key="com.arjuna.ats.internal.arjuna.utils.SocketProcessIdPort">0</entry>
        <!--
        The maximum number of ports to try starting from the value specified by the property
        com.arjuna.ats.internal.arjuna.utils.SocketProcessIdPort. Any non-numeric or value less than 1 will
        defautl to 1.
      -->
        <entry
            key="com.arjuna.ats.internal.arjuna.utils.SocketProcessIdMaxPorts">1</entry>
        <!--
        Run the TransactionStatusManager to allow out-of-process recovery managers to query
        the status of transactions owned by this coordinator.  Default is YES.
        This can be set to NO in cases where an ObjectStore is used only by one transaction manager
        and the recovery manager for that store is in the same JVM. In any other cases disabling the
        TransactionStatusManager may cause crash recovery to misbehave.
      -->
        <entry
            key="com.arjuna.ats.arjuna.coordinator.transactionStatusManagerEnable">YES</entry>
        <!-- property
        name="com.arjuna.ats.arjuna.coordinator.actionStore"
		value="HashedActionStore"
		value="JDBCActionStore"
      -->
        <!-- property
        name="com.arjuna.ats.arjuna.objectstore.jdbcTxDbAccess"
		value="JDBCAccess"
      -->
        <!-- property
        name="com.arjuna.ats.arjuna.objectstore.objectStoreType"
		value="ShadowNoFileLockStore"
		value="JDBCStore"
      -->
        <!-- property
        name="com.arjuna.ats.arjuna.objectstore.jdbcUserDbAccess"
		value="JDBCAccess"
      -->
        <!-- property
        name="com.arjuna.ats.arjuna.objectstore.jdbcPoolSizeInitial"
		value="1"
      -->
        <!-- property
        name="com.arjuna.ats.arjuna.objectstore.jdbcPoolSizeMaximum"
		value="1"
      -->
        <!-- property
        name="com.arjuna.ats.arjuna.objectstore.jdbcPoolPutConnections"
		value="false"
      -->
        <!-- property
        name="com.arjuna.ats.arjuna.internal.arjuna.objectstore.cacheStore.size"
		value=""
      -->
        <!-- property
        name="com.arjuna.ats.arjuna.internal.arjuna.objectstore.cacheStore.period"
		value=""
      -->
        <!--
        The location for creating temporary files, e.g., Uids.
        Default is under user.home.
        IMPORTANT: make sure the directory is lockable, e.g., /tmp on Unix
        may not be!
      -->
        <!--
        <entry
          key="com.arjuna.ats.arjuna.common.varDir"
>var</entry>
      -->
        <!-- Should beforeCompletion synchronizations be fired even when it is known the
             transaction can't commit e.g. is marked rollbackOnly? (default NO).
             Note that turning this on still does not guarantee the syncronizations will run in all cases
             e.g. explicit rollback() calls. JTS users should also take into account the supportRollbackSync
             property which affects both beforeCompletion and afterCompletion syncs. -->
        <!--
      <entry key="com.arjuna.ats.coordinator.beforeCompletionWhenRollbackOnly">NO</entry>
      -->
<!--    </properties> -->
<!--    <properties name="common"> -->
        <!-- CLF 2.0 properties -->
        <entry key="com.arjuna.common.util.logging.DebugLevel"
            >0xffffffff</entry>
        <!--
        (default is 0x00000000)
        -->
        <entry key="com.arjuna.common.util.logging.FacilityLevel"
            >0xffffffff</entry>
        <!--
        (default is 0xffffffff)
        -->
        <entry key="com.arjuna.common.util.logging.VisibilityLevel"
            >0xffffffff</entry>
        <!--
        (default is 0xffffffff)
        -->
        <entry key="com.arjuna.common.util.logger" >jdk14</entry>
        <!--
        (default is log4j)
        -->
<!--    </properties> -->
<!--    <properties depends="arjuna" name="txoj"> -->
        <!--
        (default is LockStore of installation - must be writeable!)
      -->
        <!--
        <entry
          key="com.arjuna.ats.txoj.lockstore.lockStoreDir"
>LockStore</entry>
      -->
        <!--
        (default is BasicLockStore)
      -->
        <entry key="com.arjuna.ats.txoj.lockstore.lockStoreType">BasicLockStore</entry>
        <!--
        (default is NO)
      -->
        <entry key="com.arjuna.ats.txoj.lockstore.multipleLockStore">NO</entry>
        <!--
        (default is YES)
      -->
        <entry key="com.arjuna.ats.txoj.lockstore.singleLockStore">YES</entry>
        <!--
        (default is YES)
      -->
        <entry
            key="com.arjuna.ats.txoj.lockstore.allowNestedLocking">YES</entry>
<!--    </properties> -->
<!--    <properties depends="arjuna" name="jta"> -->
        <!--
        Support subtransactions in the JTA layer?
        Default is NO.
      -->
        <entry key="com.arjuna.ats.jta.supportSubtransactions">NO</entry>
        <entry key="com.arjuna.ats.jta.jtaTMImplementation">com.arjuna.ats.internal.jta.transaction.arjunacore.TransactionManagerImple</entry>
        <!--
			com.arjuna.ats.internal.jta.transaction.jts.TransactionManagerImple
			-->
        <entry key="com.arjuna.ats.jta.jtaUTImplementation">com.arjuna.ats.internal.jta.transaction.arjunacore.UserTransactionImple</entry>
        <!--
			com.arjuna.ats.internal.jta.transaction.jts.UserTransactionImple
			-->
<!--    </properties> -->
<!--    <properties depends="arjuna,txoj,jta" name="recoverymanager"> -->
        <!--
        Properties used only by the RecoveryManager.
      -->
        <!--
        Periodic recovery settings.
        Time values in this section are in seconds.
      -->
        <!--
        Interval in seconds between initiating the periodic recovery modules.
        Default is 120 seconds.
      -->
        <entry
            key="com.arjuna.ats.arjuna.recovery.periodicRecoveryPeriod">120</entry>
        <!--
        Interval in seconds between first and second pass of periodic recovery.
        Default is 10 seconds.
      -->
        <entry
            key="com.arjuna.ats.arjuna.recovery.recoveryBackoffPeriod">10</entry>
        <!--
        The port number on which the recovery manager listens.
      -->
        <entry key="com.arjuna.ats.arjuna.recovery.recoveryPort">4712</entry>
        <!--
        The address on which the recovery manager listens.
        If running within an AS then the address the AS is bound to (jboss.bind.address) takes precedence
      -->
        <entry key="com.arjuna.ats.arjuna.recovery.recoveryAddress"></entry>
        <!--
        Periodic recovery modules to use.  Invoked in sort-order of names.
      -->
        <entry
            key="com.arjuna.ats.arjuna.recovery.recoveryExtension1">com.arjuna.ats.internal.arjuna.recovery.AtomicActionRecoveryModule</entry>
        <entry
            key="com.arjuna.ats.arjuna.recovery.recoveryExtension2">com.arjuna.ats.internal.txoj.recovery.TORecoveryModule</entry>
        <entry
            key="com.arjuna.ats.arjuna.recovery.recoveryExtension3">com.arjuna.ats.internal.jta.recovery.arjunacore.XARecoveryModule</entry>
        <!--
        Expired entry removal
      -->
        <!--
        Expiry scanners to use (order of invocation is random).
        Names must begin with "com.arjuna.ats.arjuna.recovery.expiryScanner"
      -->
        <entry
            key="com.arjuna.ats.arjuna.recovery.expiryScannerTransactionStatusManager">com.arjuna.ats.internal.arjuna.recovery.ExpiredTransactionStatusManagerScanner</entry>
        <!--
        Interval, in hours, between running the expiry scanners.
        This can be quite long. The absolute value determines the interval -
        if the value is negative, the scan will NOT be run until after one
        interval has elapsed. If positive the first scan will be immediately
        after startup. Zero will prevent any scanning.
        Default  = 12 = run immediately, then every 12 hours.
      -->
        <entry
            key="com.arjuna.ats.arjuna.recovery.expiryScanInterval">12</entry>
        <!--
        This is the interval, in hours, after which a process that cannot be contacted will be considered dead.
        It should be long enough to avoid accidentally removing valid entries due to short lived
        transient errors such as network downtime. Zero = Never removed.  Default is 12.
      -->
        <entry
            key="com.arjuna.ats.arjuna.recovery.transactionStatusManagerExpiryTime">12</entry>
        <!--
        Use this to fix the port on which the TransactionStatusManager listens,
        The default behaviour is to use any free port.
      -->
        <entry
            key="com.arjuna.ats.arjuna.recovery.transactionStatusManagerPort">0</entry>
        <!--
        Use this to fix the address on which the TransactionStatusManager binds,
        The default behaviour is to use the loopback address (ie localhost).
        If running within an AS then the address the AS is bound to (jboss.bind.address) takes precedence
      -->
        <entry
            key="com.arjuna.ats.arjuna.recovery.transactionStatusManagerAddress"></entry>
        <!--
          For cases where the recovery manager is in process with the transaction manager and nothing else uses
          the ObjectStore, it is possible to disable the socket based recovery listener by setting this to NO.
          Caution: use of this property can allow multiple recovery processes to run on the same ObjectStore
          if you are not careful. That in turn can lead to incorrect transaction processing. Use with care.
        -->
        <entry key="com.arjuna.ats.arjuna.recovery.recoveryListener">YES</entry>
<!--    </properties> -->
<!--    <properties depends="jta" name="jdbc"> -->
        <!--
           property name="com.arjuna.ats.jdbc.isolationLevel" value="TRANSACTION_SERIALIZABLE"/>
           java.sql.Connection.TRANSACTION_READ_COMMITTED == 2
        -->
           <entry key="com.arjuna.ats.jdbc.isolationLevel">2</entry>
    </properties>
